[{"id":1,"first_name":"Taffy","last_name":"Suarez","email":"tsuarez0@google.com.br","gender":"Female","image":"http://dummyimage.com/152x100.png/cc0000/ffffff","edad":"9/24/2023","orientacion":"informatica"},
{"id":2,"first_name":"Vincent","last_name":"Slamaker","email":"vslamaker1@amazon.com","gender":"Male","image":"http://dummyimage.com/244x.png/ff4444/ffffff","edad":"10/28/2023","orientacion":"informatica"},
{"id":3,"first_name":"Leroy","last_name":"Gerritzen","email":"lgerritzen2@wikispaces.com","gender":"Male","image":"http://dummyimage.com/203x.png/cc0000/ffffff","edad":"1/8/2024","orientacion":"informatica"},
{"id":4,"first_name":"Margi","last_name":"Wensley","email":"mwensley3@elegantthemes.com","gender":"Genderqueer","image":"http://dummyimage.com/222x.png/cc0000/ffffff","edad":"4/13/2023","orientacion":"informatica"},
{"id":5,"first_name":"Jarrad","last_name":"Briscoe","email":"jbriscoe4@purevolume.com","gender":"Male","image":"http://dummyimage.com/202x.png/ff4444/ffffff","edad":"5/3/2023","orientacion":"informatica"},
{"id":6,"first_name":"Bar","last_name":"Glassopp","email":"bglassopp5@nbcnews.com","gender":"Male","image":"http://dummyimage.com/249x.png/cc0000/ffffff","edad":"12/8/2023","orientacion":"estadistica"},
{"id":7,"first_name":"Harlen","last_name":"Ianson","email":"hianson6@aboutads.info","gender":"Male","image":"http://dummyimage.com/201x.png/ff4444/ffffff","edad":"6/6/2023","orientacion":"estadistica"},
{"id":8,"first_name":"Merrill","last_name":"Annis","email":"mannis7@weather.com","gender":"Female","image":"http://dummyimage.com/244x.png/ff4444/ffffff","edad":"4/14/2023","orientacion":"estadistica"},
{"id":9,"first_name":"Maggie","last_name":"Roof","email":"mroof8@cnn.com","gender":"Female","image":"http://dummyimage.com/235x.png/5fa2dd/ffffff","edad":"12/18/2023","orientacion":"estadistica"},
{"id":10,"first_name":"Carole","last_name":"Robuchon","email":"crobuchon9@fc2.com","gender":"Female","image":"http://dummyimage.com/222x.png/dddddd/000000","edad":"1/22/2024","orientacion":"estadistica"},
{"id":11,"first_name":"Richmound","last_name":"Pleass","email":"rpleassa@dion.ne.jp","gender":"Male","image":"http://dummyimage.com/231x.png/5fa2dd/ffffff","edad":"2/3/2024"},
{"id":12,"first_name":"Rusty","last_name":"Adamovitz","email":"radamovitzb@alibaba.com","gender":"Male","image":"http://dummyimage.com/243x.png/ff4444/ffffff","edad":"12/17/2023","orientacion":"estadistica"},
{"id":13,"first_name":"Deloris","last_name":"Tomisch","email":"dtomischc@howstuffworks.com","gender":"Female","image":"http://dummyimage.com/201x.png/cc0000/ffffff","edad":"8/29/2023","orientacion":"ingmate"},
{"id":14,"first_name":"Jud","last_name":"Rickersey","email":"jrickerseyd@shop-pro.jp","gender":"Bigender","image":"http://dummyimage.com/234x.png/cc0000/ffffff","edad":"4/3/2023","orientacion":"ingmate"},
{"id":15,"first_name":"Doralin","last_name":"Elsy","email":"delsye@51.la","gender":"Non-binary","image":"http://dummyimage.com/230x.png/ff4444/ffffff","edad":"10/10/2023","orientacion":"ingmate"},
{"id":16,"first_name":"Eric","last_name":"Sidey","email":"esideyf@rediff.com","gender":"Male","image":"http://dummyimage.com/227x.png/cc0000/ffffff","edad":"9/15/2023","orientacion":"ingmate"},
{"id":17,"first_name":"Wanda","last_name":"Jowers","email":"wjowersg@twitpic.com","gender":"Female","image":"http://dummyimage.com/212x.png/ff4444/ffffff","edad":"6/12/2023","orientacion":"ingmate"},
{"id":18,"first_name":"Tildie","last_name":"Wogan","email":"twoganh@abc.net.au","gender":"Female","image":"http://dummyimage.com/212x.png/dddddd/000000","edad":"6/14/2023","orientacion":"ingmate"},
{"id":19,"first_name":"Alvera","last_name":"Hellyar","email":"ahellyari@sfgate.com","gender":"Female","image":"http://dummyimage.com/210x.png/5fa2dd/ffffff","edad":"12/19/2023","orientacion":"ingmate"},
{"id":67,"first_name":"Tildie","last_name":"Wogan","email":"twoganh@abc.net.au","gender":"Female","image":"http://dummyimage.com/212x.png/dddddd/000000","edad":"6/14/2023","orientacion":"ingmate"}]
