[{"id":1,"numero_cuenta":3813,"nombre":"Melania","apellido":"Minger","genero":"Female","correo_electronico":"mminger0@nsw.gov.au","imagen":"http://dummyimage.com/152x100.png/cc0000/ffffff"},
{"id":2,"numero_cuenta":7655,"nombre":"Hervey","apellido":"Jerrolt","genero":"Male","correo_electronico":"hjerrolt1@wufoo.com","imagen":"http://dummyimage.com/114x100.png/dddddd/000000"},
{"id":3,"numero_cuenta":2043,"nombre":"Valentine","apellido":"Hinkley","genero":"Male","correo_electronico":"vhinkley2@yellowpages.com","imagen":"http://dummyimage.com/214x100.png/cc0000/ffffff"},
{"id":4,"numero_cuenta":3359,"nombre":"Trumaine","apellido":"Carde","genero":"Male","correo_electronico":"tcarde3@histats.com","imagen":"http://dummyimage.com/181x100.png/dddddd/000000"},
{"id":5,"numero_cuenta":6690,"nombre":"Barnett","apellido":"Riepl","genero":"Male","correo_electronico":"briepl4@about.me","imagen":"http://dummyimage.com/156x100.png/5fa2dd/ffffff"},
{"id":6,"numero_cuenta":9198,"nombre":"Rania","apellido":"Limerick","genero":"Genderqueer","correo_electronico":"rlimerick5@wikimedia.org","imagen":"http://dummyimage.com/231x100.png/5fa2dd/ffffff"},
{"id":7,"numero_cuenta":8549,"nombre":"Denise","apellido":"Saltsberger","genero":"Female","correo_electronico":"dsaltsberger6@apache.org","imagen":"http://dummyimage.com/243x100.png/ff4444/ffffff"},
{"id":8,"numero_cuenta":8030,"nombre":"Janie","apellido":"Rickerby","genero":"Genderqueer","correo_electronico":"jrickerby7@tuttocitta.it","imagen":"http://dummyimage.com/224x100.png/dddddd/000000"},
{"id":9,"numero_cuenta":4360,"nombre":"Lisbeth","apellido":"McRobb","genero":"Bigender","correo_electronico":"lmcrobb8@gravatar.com","imagen":"http://dummyimage.com/171x100.png/cc0000/ffffff"},
{"id":10,"numero_cuenta":7069,"nombre":"Brietta","apellido":"O' Timony","genero":"Female","correo_electronico":"botimony9@joomla.org","imagen":"http://dummyimage.com/116x100.png/cc0000/ffffff"},
{"id":11,"numero_cuenta":9914,"nombre":"Cece","apellido":"Haggart","genero":"Male","correo_electronico":"chaggarta@examiner.com","imagen":"http://dummyimage.com/127x100.png/5fa2dd/ffffff"},
{"id":12,"numero_cuenta":5172,"nombre":"Orelee","apellido":"Blakeney","genero":"Female","correo_electronico":"oblakeneyb@wisc.edu","imagen":"http://dummyimage.com/159x100.png/cc0000/ffffff"},
{"id":13,"numero_cuenta":4334,"nombre":"Devin","apellido":"Harmar","genero":"Female","correo_electronico":"dharmarc@dagondesign.com","imagen":"http://dummyimage.com/147x100.png/5fa2dd/ffffff"},
{"id":14,"numero_cuenta":6254,"nombre":"Brianne","apellido":"Maestrini","genero":"Female","correo_electronico":"bmaestrinid@google.ca","imagen":"http://dummyimage.com/207x100.png/dddddd/000000"},
{"id":15,"numero_cuenta":2662,"nombre":"Chic","apellido":"Eley","genero":"Male","correo_electronico":"celeye@yandex.ru","imagen":"http://dummyimage.com/179x100.png/ff4444/ffffff"},
{"id":16,"numero_cuenta":4947,"nombre":"Murial","apellido":"Winthrop","genero":"Female","correo_electronico":"mwinthropf@ning.com","imagen":"http://dummyimage.com/209x100.png/cc0000/ffffff"},
{"id":17,"numero_cuenta":4856,"nombre":"Audi","apellido":"Washington","genero":"Agender","correo_electronico":"awashingtong@odnoklassniki.ru","imagen":"http://dummyimage.com/206x100.png/5fa2dd/ffffff"},
{"id":18,"numero_cuenta":2489,"nombre":"Bell","apellido":"Gammade","genero":"Female","correo_electronico":"bgammadeh@typepad.com","imagen":"http://dummyimage.com/155x100.png/ff4444/ffffff"},
{"id":19,"numero_cuenta":3451,"nombre":"Blondy","apellido":"Renowden","genero":"Female","correo_electronico":"brenowdeni@google.com.au","imagen":"http://dummyimage.com/199x100.png/ff4444/ffffff"},
{"id":20,"numero_cuenta":5616,"nombre":"Ashleigh","apellido":"Cherrie","genero":"Female","correo_electronico":"acherriej@google.com.au","imagen":"http://dummyimage.com/156x100.png/dddddd/000000"},
{"id":21,"numero_cuenta":3454,"nombre":"Neilla","apellido":"Bounde","genero":"Genderfluid","correo_electronico":"nboundek@hostgator.com","imagen":"http://dummyimage.com/197x100.png/cc0000/ffffff"},
{"id":22,"numero_cuenta":7547,"nombre":"Cristal","apellido":"Sankey","genero":"Genderfluid","correo_electronico":"csankeyl@instagram.com","imagen":"http://dummyimage.com/147x100.png/5fa2dd/ffffff"},
{"id":23,"numero_cuenta":9096,"nombre":"Henryetta","apellido":"Peacham","genero":"Female","correo_electronico":"hpeachamm@cafepress.com","imagen":"http://dummyimage.com/195x100.png/dddddd/000000"},
{"id":24,"numero_cuenta":8377,"nombre":"Reube","apellido":"Goddman","genero":"Polygender","correo_electronico":"rgoddmann@yale.edu","imagen":"http://dummyimage.com/112x100.png/5fa2dd/ffffff"},
{"id":25,"numero_cuenta":2237,"nombre":"Alano","apellido":"Foucar","genero":"Male","correo_electronico":"afoucaro@usnews.com","imagen":"http://dummyimage.com/229x100.png/ff4444/ffffff"},
{"id":26,"numero_cuenta":7956,"nombre":"Ody","apellido":"Chambers","genero":"Male","correo_electronico":"ochambersp@aol.com","imagen":"http://dummyimage.com/199x100.png/cc0000/ffffff"},
{"id":27,"numero_cuenta":2425,"nombre":"Ferrell","apellido":"Ditty","genero":"Genderqueer","correo_electronico":"fdittyq@yellowpages.com","imagen":"http://dummyimage.com/238x100.png/ff4444/ffffff"},
{"id":28,"numero_cuenta":3248,"nombre":"Travers","apellido":"Beardsell","genero":"Male","correo_electronico":"tbeardsellr@mayoclinic.com","imagen":"http://dummyimage.com/158x100.png/5fa2dd/ffffff"},
{"id":29,"numero_cuenta":5369,"nombre":"Harris","apellido":"Brumpton","genero":"Male","correo_electronico":"hbrumptons@examiner.com","imagen":"http://dummyimage.com/183x100.png/5fa2dd/ffffff"},
{"id":30,"numero_cuenta":2449,"nombre":"Sadie","apellido":"Simek","genero":"Female","correo_electronico":"ssimekt@cpanel.net","imagen":"http://dummyimage.com/164x100.png/cc0000/ffffff"},
{"id":31,"numero_cuenta":2938,"nombre":"Angela","apellido":"Oxlade","genero":"Female","correo_electronico":"aoxladeu@xing.com","imagen":"http://dummyimage.com/228x100.png/5fa2dd/ffffff"},
{"id":32,"numero_cuenta":7785,"nombre":"Madelyn","apellido":"Castelletto","genero":"Female","correo_electronico":"mcastellettov@nationalgeographic.com","imagen":"http://dummyimage.com/191x100.png/dddddd/000000"},
{"id":33,"numero_cuenta":2423,"nombre":"Sydney","apellido":"Gregorowicz","genero":"Female","correo_electronico":"sgregorowiczw@microsoft.com","imagen":"http://dummyimage.com/136x100.png/cc0000/ffffff"},
{"id":34,"numero_cuenta":2568,"nombre":"Karilynn","apellido":"Roman","genero":"Female","correo_electronico":"kromanx@ezinearticles.com","imagen":"http://dummyimage.com/209x100.png/cc0000/ffffff"},
{"id":35,"numero_cuenta":6412,"nombre":"Yevette","apellido":"Casham","genero":"Female","correo_electronico":"ycashamy@t-online.de","imagen":"http://dummyimage.com/193x100.png/5fa2dd/ffffff"},
{"id":36,"numero_cuenta":5137,"nombre":"Allister","apellido":"Scamadine","genero":"Male","correo_electronico":"ascamadinez@1688.com","imagen":"http://dummyimage.com/104x100.png/5fa2dd/ffffff"},
{"id":37,"numero_cuenta":7320,"nombre":"Waldo","apellido":"Bows","genero":"Male","correo_electronico":"wbows10@seattletimes.com","imagen":"http://dummyimage.com/203x100.png/5fa2dd/ffffff"},
{"id":38,"numero_cuenta":6932,"nombre":"Rafi","apellido":"Yeskov","genero":"Male","correo_electronico":"ryeskov11@accuweather.com","imagen":"http://dummyimage.com/116x100.png/ff4444/ffffff"},
{"id":39,"numero_cuenta":7533,"nombre":"Hetti","apellido":"Killimister","genero":"Female","correo_electronico":"hkillimister12@forbes.com","imagen":"http://dummyimage.com/215x100.png/ff4444/ffffff"},
{"id":40,"numero_cuenta":3662,"nombre":"Rice","apellido":"Huggin","genero":"Male","correo_electronico":"rhuggin13@who.int","imagen":"http://dummyimage.com/208x100.png/ff4444/ffffff"},
{"id":41,"numero_cuenta":2732,"nombre":"Cati","apellido":"Senescall","genero":"Female","correo_electronico":"csenescall14@booking.com","imagen":"http://dummyimage.com/186x100.png/cc0000/ffffff"},
{"id":42,"numero_cuenta":3520,"nombre":"Donna","apellido":"Portchmouth","genero":"Female","correo_electronico":"dportchmouth15@quantcast.com","imagen":"http://dummyimage.com/204x100.png/dddddd/000000"},
{"id":43,"numero_cuenta":1757,"nombre":"Vida","apellido":"Sjostrom","genero":"Female","correo_electronico":"vsjostrom16@taobao.com","imagen":"http://dummyimage.com/232x100.png/cc0000/ffffff"},
{"id":44,"numero_cuenta":4530,"nombre":"Stevena","apellido":"Tole","genero":"Female","correo_electronico":"stole17@networksolutions.com","imagen":"http://dummyimage.com/234x100.png/ff4444/ffffff"},
{"id":45,"numero_cuenta":3776,"nombre":"Herc","apellido":"Kivell","genero":"Male","correo_electronico":"hkivell18@earthlink.net","imagen":"http://dummyimage.com/122x100.png/5fa2dd/ffffff"},
{"id":46,"numero_cuenta":8736,"nombre":"Binky","apellido":"Ditchfield","genero":"Male","correo_electronico":"bditchfield19@typepad.com","imagen":"http://dummyimage.com/100x100.png/cc0000/ffffff"},
{"id":47,"numero_cuenta":5723,"nombre":"Yale","apellido":"Stapels","genero":"Male","correo_electronico":"ystapels1a@cnn.com","imagen":"http://dummyimage.com/201x100.png/5fa2dd/ffffff"},
{"id":48,"numero_cuenta":2904,"nombre":"Raimund","apellido":"Petty","genero":"Male","correo_electronico":"rpetty1b@list-manage.com","imagen":"http://dummyimage.com/115x100.png/dddddd/000000"},
{"id":49,"numero_cuenta":2673,"nombre":"Les","apellido":"Cornier","genero":"Male","correo_electronico":"lcornier1c@elpais.com","imagen":"http://dummyimage.com/135x100.png/5fa2dd/ffffff"},
{"id":50,"numero_cuenta":1169,"nombre":"Evered","apellido":"Crosfeld","genero":"Male","correo_electronico":"ecrosfeld1d@youtu.be","imagen":"http://dummyimage.com/197x100.png/ff4444/ffffff"}]